{
  "": {
    "swift-dependencies": "/mnt/c/Users/tangu/OneDrive/Documents/GitHub/ProjetAlgoIG3S1/artOfWar/.build/x86_64-unknown-linux/debug/artOfWarTests.build/master.swiftdeps"
  },
  "/mnt/c/Users/tangu/OneDrive/Documents/GitHub/ProjetAlgoIG3S1/artOfWar/Tests/artOfWarTests/CarteTests.swift": {
    "dependencies": "/mnt/c/Users/tangu/OneDrive/Documents/GitHub/ProjetAlgoIG3S1/artOfWar/.build/x86_64-unknown-linux/debug/artOfWarTests.build/CarteTests.d",
    "object": "/mnt/c/Users/tangu/OneDrive/Documents/GitHub/ProjetAlgoIG3S1/artOfWar/.build/x86_64-unknown-linux/debug/artOfWarTests.build/CarteTests.swift.o",
    "swiftmodule": "/mnt/c/Users/tangu/OneDrive/Documents/GitHub/ProjetAlgoIG3S1/artOfWar/.build/x86_64-unknown-linux/debug/artOfWarTests.build/CarteTests~partial.swiftmodule",
    "swift-dependencies": "/mnt/c/Users/tangu/OneDrive/Documents/GitHub/ProjetAlgoIG3S1/artOfWar/.build/x86_64-unknown-linux/debug/artOfWarTests.build/CarteTests.swiftdeps"
  },
  "/mnt/c/Users/tangu/OneDrive/Documents/GitHub/ProjetAlgoIG3S1/artOfWar/Tests/artOfWarTests/ChampsDeBatailleTests.swift": {
    "dependencies": "/mnt/c/Users/tangu/OneDrive/Documents/GitHub/ProjetAlgoIG3S1/artOfWar/.build/x86_64-unknown-linux/debug/artOfWarTests.build/ChampsDeBatailleTests.d",
    "object": "/mnt/c/Users/tangu/OneDrive/Documents/GitHub/ProjetAlgoIG3S1/artOfWar/.build/x86_64-unknown-linux/debug/artOfWarTests.build/ChampsDeBatailleTests.swift.o",
    "swiftmodule": "/mnt/c/Users/tangu/OneDrive/Documents/GitHub/ProjetAlgoIG3S1/artOfWar/.build/x86_64-unknown-linux/debug/artOfWarTests.build/ChampsDeBatailleTests~partial.swiftmodule",
    "swift-dependencies": "/mnt/c/Users/tangu/OneDrive/Documents/GitHub/ProjetAlgoIG3S1/artOfWar/.build/x86_64-unknown-linux/debug/artOfWarTests.build/ChampsDeBatailleTests.swiftdeps"
  },
  "/mnt/c/Users/tangu/OneDrive/Documents/GitHub/ProjetAlgoIG3S1/artOfWar/Tests/artOfWarTests/JoueurTests.swift": {
    "dependencies": "/mnt/c/Users/tangu/OneDrive/Documents/GitHub/ProjetAlgoIG3S1/artOfWar/.build/x86_64-unknown-linux/debug/artOfWarTests.build/JoueurTests.d",
    "object": "/mnt/c/Users/tangu/OneDrive/Documents/GitHub/ProjetAlgoIG3S1/artOfWar/.build/x86_64-unknown-linux/debug/artOfWarTests.build/JoueurTests.swift.o",
    "swiftmodule": "/mnt/c/Users/tangu/OneDrive/Documents/GitHub/ProjetAlgoIG3S1/artOfWar/.build/x86_64-unknown-linux/debug/artOfWarTests.build/JoueurTests~partial.swiftmodule",
    "swift-dependencies": "/mnt/c/Users/tangu/OneDrive/Documents/GitHub/ProjetAlgoIG3S1/artOfWar/.build/x86_64-unknown-linux/debug/artOfWarTests.build/JoueurTests.swiftdeps"
  },
  "/mnt/c/Users/tangu/OneDrive/Documents/GitHub/ProjetAlgoIG3S1/artOfWar/Tests/artOfWarTests/MainJoueurTests.swift": {
    "dependencies": "/mnt/c/Users/tangu/OneDrive/Documents/GitHub/ProjetAlgoIG3S1/artOfWar/.build/x86_64-unknown-linux/debug/artOfWarTests.build/MainJoueurTests.d",
    "object": "/mnt/c/Users/tangu/OneDrive/Documents/GitHub/ProjetAlgoIG3S1/artOfWar/.build/x86_64-unknown-linux/debug/artOfWarTests.build/MainJoueurTests.swift.o",
    "swiftmodule": "/mnt/c/Users/tangu/OneDrive/Documents/GitHub/ProjetAlgoIG3S1/artOfWar/.build/x86_64-unknown-linux/debug/artOfWarTests.build/MainJoueurTests~partial.swiftmodule",
    "swift-dependencies": "/mnt/c/Users/tangu/OneDrive/Documents/GitHub/ProjetAlgoIG3S1/artOfWar/.build/x86_64-unknown-linux/debug/artOfWarTests.build/MainJoueurTests.swiftdeps"
  },
  "/mnt/c/Users/tangu/OneDrive/Documents/GitHub/ProjetAlgoIG3S1/artOfWar/Tests/artOfWarTests/XCTestManifests.swift": {
    "dependencies": "/mnt/c/Users/tangu/OneDrive/Documents/GitHub/ProjetAlgoIG3S1/artOfWar/.build/x86_64-unknown-linux/debug/artOfWarTests.build/XCTestManifests.d",
    "object": "/mnt/c/Users/tangu/OneDrive/Documents/GitHub/ProjetAlgoIG3S1/artOfWar/.build/x86_64-unknown-linux/debug/artOfWarTests.build/XCTestManifests.swift.o",
    "swiftmodule": "/mnt/c/Users/tangu/OneDrive/Documents/GitHub/ProjetAlgoIG3S1/artOfWar/.build/x86_64-unknown-linux/debug/artOfWarTests.build/XCTestManifests~partial.swiftmodule",
    "swift-dependencies": "/mnt/c/Users/tangu/OneDrive/Documents/GitHub/ProjetAlgoIG3S1/artOfWar/.build/x86_64-unknown-linux/debug/artOfWarTests.build/XCTestManifests.swiftdeps"
  },
  "/mnt/c/Users/tangu/OneDrive/Documents/GitHub/ProjetAlgoIG3S1/artOfWar/Tests/artOfWarTests/artOfWarTests.swift": {
    "dependencies": "/mnt/c/Users/tangu/OneDrive/Documents/GitHub/ProjetAlgoIG3S1/artOfWar/.build/x86_64-unknown-linux/debug/artOfWarTests.build/artOfWarTests.d",
    "object": "/mnt/c/Users/tangu/OneDrive/Documents/GitHub/ProjetAlgoIG3S1/artOfWar/.build/x86_64-unknown-linux/debug/artOfWarTests.build/artOfWarTests.swift.o",
    "swiftmodule": "/mnt/c/Users/tangu/OneDrive/Documents/GitHub/ProjetAlgoIG3S1/artOfWar/.build/x86_64-unknown-linux/debug/artOfWarTests.build/artOfWarTests~partial.swiftmodule",
    "swift-dependencies": "/mnt/c/Users/tangu/OneDrive/Documents/GitHub/ProjetAlgoIG3S1/artOfWar/.build/x86_64-unknown-linux/debug/artOfWarTests.build/artOfWarTests.swiftdeps"
  }
}
