{
  "": {
    "swift-dependencies": "/mnt/c/Users/tangu/OneDrive/Documents/GitHub/ProjetAlgoIG3S1/artOfWar/.build/x86_64-unknown-linux/debug/artOfWar.build/master.swiftdeps"
  },
  "/mnt/c/Users/tangu/OneDrive/Documents/GitHub/ProjetAlgoIG3S1/artOfWar/Sources/artOfWar/CarteProtocole.swift": {
    "dependencies": "/mnt/c/Users/tangu/OneDrive/Documents/GitHub/ProjetAlgoIG3S1/artOfWar/.build/x86_64-unknown-linux/debug/artOfWar.build/CarteProtocole.d",
    "object": "/mnt/c/Users/tangu/OneDrive/Documents/GitHub/ProjetAlgoIG3S1/artOfWar/.build/x86_64-unknown-linux/debug/artOfWar.build/CarteProtocole.swift.o",
    "swiftmodule": "/mnt/c/Users/tangu/OneDrive/Documents/GitHub/ProjetAlgoIG3S1/artOfWar/.build/x86_64-unknown-linux/debug/artOfWar.build/CarteProtocole~partial.swiftmodule",
    "swift-dependencies": "/mnt/c/Users/tangu/OneDrive/Documents/GitHub/ProjetAlgoIG3S1/artOfWar/.build/x86_64-unknown-linux/debug/artOfWar.build/CarteProtocole.swiftdeps"
  },
  "/mnt/c/Users/tangu/OneDrive/Documents/GitHub/ProjetAlgoIG3S1/artOfWar/Sources/artOfWar/ChampsDeBatailleProtocole.swift": {
    "dependencies": "/mnt/c/Users/tangu/OneDrive/Documents/GitHub/ProjetAlgoIG3S1/artOfWar/.build/x86_64-unknown-linux/debug/artOfWar.build/ChampsDeBatailleProtocole.d",
    "object": "/mnt/c/Users/tangu/OneDrive/Documents/GitHub/ProjetAlgoIG3S1/artOfWar/.build/x86_64-unknown-linux/debug/artOfWar.build/ChampsDeBatailleProtocole.swift.o",
    "swiftmodule": "/mnt/c/Users/tangu/OneDrive/Documents/GitHub/ProjetAlgoIG3S1/artOfWar/.build/x86_64-unknown-linux/debug/artOfWar.build/ChampsDeBatailleProtocole~partial.swiftmodule",
    "swift-dependencies": "/mnt/c/Users/tangu/OneDrive/Documents/GitHub/ProjetAlgoIG3S1/artOfWar/.build/x86_64-unknown-linux/debug/artOfWar.build/ChampsDeBatailleProtocole.swiftdeps"
  },
  "/mnt/c/Users/tangu/OneDrive/Documents/GitHub/ProjetAlgoIG3S1/artOfWar/Sources/artOfWar/JoueurProtocole.swift": {
    "dependencies": "/mnt/c/Users/tangu/OneDrive/Documents/GitHub/ProjetAlgoIG3S1/artOfWar/.build/x86_64-unknown-linux/debug/artOfWar.build/JoueurProtocole.d",
    "object": "/mnt/c/Users/tangu/OneDrive/Documents/GitHub/ProjetAlgoIG3S1/artOfWar/.build/x86_64-unknown-linux/debug/artOfWar.build/JoueurProtocole.swift.o",
    "swiftmodule": "/mnt/c/Users/tangu/OneDrive/Documents/GitHub/ProjetAlgoIG3S1/artOfWar/.build/x86_64-unknown-linux/debug/artOfWar.build/JoueurProtocole~partial.swiftmodule",
    "swift-dependencies": "/mnt/c/Users/tangu/OneDrive/Documents/GitHub/ProjetAlgoIG3S1/artOfWar/.build/x86_64-unknown-linux/debug/artOfWar.build/JoueurProtocole.swiftdeps"
  },
  "/mnt/c/Users/tangu/OneDrive/Documents/GitHub/ProjetAlgoIG3S1/artOfWar/Sources/artOfWar/MainJoueurProtocole.swift": {
    "dependencies": "/mnt/c/Users/tangu/OneDrive/Documents/GitHub/ProjetAlgoIG3S1/artOfWar/.build/x86_64-unknown-linux/debug/artOfWar.build/MainJoueurProtocole.d",
    "object": "/mnt/c/Users/tangu/OneDrive/Documents/GitHub/ProjetAlgoIG3S1/artOfWar/.build/x86_64-unknown-linux/debug/artOfWar.build/MainJoueurProtocole.swift.o",
    "swiftmodule": "/mnt/c/Users/tangu/OneDrive/Documents/GitHub/ProjetAlgoIG3S1/artOfWar/.build/x86_64-unknown-linux/debug/artOfWar.build/MainJoueurProtocole~partial.swiftmodule",
    "swift-dependencies": "/mnt/c/Users/tangu/OneDrive/Documents/GitHub/ProjetAlgoIG3S1/artOfWar/.build/x86_64-unknown-linux/debug/artOfWar.build/MainJoueurProtocole.swiftdeps"
  },
  "/mnt/c/Users/tangu/OneDrive/Documents/GitHub/ProjetAlgoIG3S1/artOfWar/Sources/artOfWar/PartieProtocole.swift": {
    "dependencies": "/mnt/c/Users/tangu/OneDrive/Documents/GitHub/ProjetAlgoIG3S1/artOfWar/.build/x86_64-unknown-linux/debug/artOfWar.build/PartieProtocole.d",
    "object": "/mnt/c/Users/tangu/OneDrive/Documents/GitHub/ProjetAlgoIG3S1/artOfWar/.build/x86_64-unknown-linux/debug/artOfWar.build/PartieProtocole.swift.o",
    "swiftmodule": "/mnt/c/Users/tangu/OneDrive/Documents/GitHub/ProjetAlgoIG3S1/artOfWar/.build/x86_64-unknown-linux/debug/artOfWar.build/PartieProtocole~partial.swiftmodule",
    "swift-dependencies": "/mnt/c/Users/tangu/OneDrive/Documents/GitHub/ProjetAlgoIG3S1/artOfWar/.build/x86_64-unknown-linux/debug/artOfWar.build/PartieProtocole.swiftdeps"
  },
  "/mnt/c/Users/tangu/OneDrive/Documents/GitHub/ProjetAlgoIG3S1/artOfWar/Sources/artOfWar/PiocheProtocole.swift": {
    "dependencies": "/mnt/c/Users/tangu/OneDrive/Documents/GitHub/ProjetAlgoIG3S1/artOfWar/.build/x86_64-unknown-linux/debug/artOfWar.build/PiocheProtocole.d",
    "object": "/mnt/c/Users/tangu/OneDrive/Documents/GitHub/ProjetAlgoIG3S1/artOfWar/.build/x86_64-unknown-linux/debug/artOfWar.build/PiocheProtocole.swift.o",
    "swiftmodule": "/mnt/c/Users/tangu/OneDrive/Documents/GitHub/ProjetAlgoIG3S1/artOfWar/.build/x86_64-unknown-linux/debug/artOfWar.build/PiocheProtocole~partial.swiftmodule",
    "swift-dependencies": "/mnt/c/Users/tangu/OneDrive/Documents/GitHub/ProjetAlgoIG3S1/artOfWar/.build/x86_64-unknown-linux/debug/artOfWar.build/PiocheProtocole.swiftdeps"
  },
  "/mnt/c/Users/tangu/OneDrive/Documents/GitHub/ProjetAlgoIG3S1/artOfWar/Sources/artOfWar/RoyaumeProtocole.swift": {
    "dependencies": "/mnt/c/Users/tangu/OneDrive/Documents/GitHub/ProjetAlgoIG3S1/artOfWar/.build/x86_64-unknown-linux/debug/artOfWar.build/RoyaumeProtocole.d",
    "object": "/mnt/c/Users/tangu/OneDrive/Documents/GitHub/ProjetAlgoIG3S1/artOfWar/.build/x86_64-unknown-linux/debug/artOfWar.build/RoyaumeProtocole.swift.o",
    "swiftmodule": "/mnt/c/Users/tangu/OneDrive/Documents/GitHub/ProjetAlgoIG3S1/artOfWar/.build/x86_64-unknown-linux/debug/artOfWar.build/RoyaumeProtocole~partial.swiftmodule",
    "swift-dependencies": "/mnt/c/Users/tangu/OneDrive/Documents/GitHub/ProjetAlgoIG3S1/artOfWar/.build/x86_64-unknown-linux/debug/artOfWar.build/RoyaumeProtocole.swiftdeps"
  }
}
